{"manifestVersion":"1.1","info":{"id":"c729d6b2-f412-49ed-893d-a8f61f25db98,version=1.9.6.14","manifestType":"Extension"},"packages":[{"id":"Component.c729d6b2-f412-49ed-893d-a8f61f25db98","version":"1.9.6.14","type":"Component","extension":true,"dependencies":{"c729d6b2-f412-49ed-893d-a8f61f25db98":"1.9.6.14","Microsoft.Net.Component.4.7.2.SDK":"[15.6.27406.0,17.0)"},"localizedResources":[{"language":"en-US","title":"AsmDude","description":"Syntax highlighting and code assistance for assembly source code (.asm, .cod, .inc, .s) and the Disassembly Window "}]},{"id":"c729d6b2-f412-49ed-893d-a8f61f25db98","version":"1.9.6.14","type":"Vsix","payloads":[{"fileName":"AsmDude.vsix","size":6901806}],"vsixId":"c729d6b2-f412-49ed-893d-a8f61f25db98","extensionDir":"[installdir]\\Common7\\IDE\\Extensions\\5x5l0xs5.vjq","installSizes":{"targetDrive":17109008}}]}